Currency,Date,Today_Closing_Price,NextDay_Closing_Price,Opening_Price,24h_High,24h_Low
BTC,01/05/2019,5277.444469,5297.942492,5155.617283,5292.605385,5130.260198
BTC,02/05/2019,5297.942492,5405.878067,5277.44445,5351.359143,5259.844026
BTC,03/05/2019,5405.878067,5697.679054,5323.63927,5427.488394,5310.6701
BTC,04/05/2019,5697.679054,5812.331779,5405.878111,5791.211463,5378.208048
BTC,05/05/2019,5812.331779,5713.035052,5690.147527,5829.948913,5529.74824
BTC,06/05/2019,5713.035052,5706.008421,5787.598598,5787.645478,5634.72385
BTC,07/05/2019,5706.008421,5899.529693,5713.034966,5750.565609,5562.314727
BTC,08/05/2019,5899.529693,5932.441391,5687.259841,5956.150104,5687.253246
BTC,09/05/2019,5932.441391,6159.685902,5759.375057,5942.410892,5708.476326
BTC,10/05/2019,6159.685902,6387.82945,5932.446285,6159.685902,5845.650918
BTC,11/05/2019,6387.82945,7254.805536,6159.689544,6426.831207,6098.157976
BTC,12/05/2019,7254.805536,6992.706661,6347.706737,7337.322181,6346.331889
BTC,13/05/2019,6992.706661,7906.940835,7241.023653,7577.770675,6758.882084
BTC,14/05/2019,7906.940835,7928.417416,6992.705887,8148.561088,6860.28668
BTC,15/05/2019,7928.417416,8177.453519,7906.946425,8353.869652,7642.403561
BTC,16/05/2019,8177.453519,7820.076243,7989.127708,8260.95311,7844.980238
BTC,17/05/2019,7820.076243,7243.650539,8177.453574,8360.300191,7683.665283
BTC,18/05/2019,7243.650539,7295.649729,7820.076541,7935.97477,6900.829403
BTC,19/05/2019,7295.649729,8221.259395,7361.257633,7490.7942,7218.260668
BTC,20/05/2019,8221.259395,7917.012499,7285.421427,8242.357508,7267.210918
BTC,21/05/2019,7917.012499,7961.128743,8221.265473,8296.545603,7581.108489
BTC,22/05/2019,7961.128743,7723.90388,7984.511103,8092.679154,7811.277222
BTC,23/05/2019,7723.90388,7903.84691,7961.51988,8018.754546,7511.113924
BTC,24/05/2019,7903.84691,8038.506791,7723.894267,7973.230631,7478.095035
BTC,25/05/2019,8038.506791,8089.570163,7871.375871,8171.800838,7792.433814
BTC,26/05/2019,8089.570163,8653.142368,7990.919816,8130.577634,7935.743891
BTC,27/05/2019,8653.142368,8800.346606,8090.046526,8780.78203,7889.070676
BTC,28/05/2019,8800.346606,8719.331485,8653.151802,8937.246491,8621.572192
BTC,29/05/2019,8719.331485,8672.400107,8776.565788,8819.666297,8555.590834
BTC,30/05/2019,8672.400107,8287.040256,8721.347641,8756.242443,8430.12989
BTC,31/05/2019,8287.040256,8513.203882,8665.839657,9084.149997,8025.586476
BTC,01/06/2019,8513.203882,8588.479505,8285.496394,8544.643225,8120.089479
BTC,02/06/2019,8588.479505,8744.265561,8514.395927,8622.729981,8455.86041
BTC,03/06/2019,8744.265561,8474.048229,8589.169642,8830.182154,8523.242741
BTC,04/06/2019,8474.048229,7645.572514,8744.109224,8765.743462,8342.317687
BTC,05/06/2019,7645.572514,7790.321135,8108.159569,8108.159569,7453.269352
BTC,06/06/2019,7790.321135,7730.881726,7644.798758,7922.561139,7586.361621
BTC,07/06/2019,7730.881726,8030.256079,7794.195924,7920.527049,7459.129076
BTC,08/06/2019,8030.256079,7949.425799,7730.185918,8134.16682,7723.539678
BTC,09/06/2019,7949.425799,7600.922492,8030.233856,8074.593539,7790.899834
BTC,10/06/2019,7600.922492,7954.006238,7930.892273,7964.024535,7525.592609
BTC,11/06/2019,7954.006238,7903.62525,7600.922505,8064.900135,7530.5341
BTC,12/06/2019,7903.62525,8151.78868,8014.230919,8048.222661,7714.610306
BTC,13/06/2019,8151.78868,8256.720099,7903.614632,8249.416067,7824.114084
BTC,14/06/2019,8256.720099,8667.787954,8166.668236,8330.664352,8052.154225
BTC,15/06/2019,8667.787954,8836.168413,8257.277693,8694.022966,8172.400277
BTC,16/06/2019,8836.168413,9061.540461,8698.144537,8897.996023,8622.471735
BTC,17/06/2019,9061.540461,9346.975087,8836.249652,9381.819714,8800.995665
BTC,18/06/2019,9346.975087,9012.48785,9061.593525,9409.342462,8969.770913
BTC,19/06/2019,9012.48785,9259.123638,9337.754059,9357.773256,8943.097105
BTC,20/06/2019,9259.123638,9559.900689,9011.469676,9285.416716,8967.581715
BTC,21/06/2019,9559.900689,9906.407965,9260.682723,9599.915335,9198.775257
BTC,22/06/2019,9906.407965,10461.41217,9559.900659,9941.527077,9521.832102
BTC,23/06/2019,10461.41217,10843.57097,10206.49034,11190.5678,10058.41627
BTC,24/06/2019,10843.57097,10996.45975,10461.39042,11307.69355,10460.99889
BTC,25/06/2019,10996.45975,11665.40968,10843.60177,11104.10052,10539.81244
BTC,26/06/2019,11665.40968,12444.92586,10996.45328,11704.6219,10951.02502
BTC,27/06/2019,12444.92586,11086.26883,11668.66586,13879.23771,11625.88109
BTC,28/06/2019,11086.26883,12316.95301,12444.92234,13328.58031,10314.75387
BTC,29/06/2019,12316.95301,12024.08097,11086.23572,12402.04351,10789.98414
BTC,30/06/2019,12024.08097,10932.31051,12360.1871,12381.0417,11368.2745
BTC,01/07/2019,10932.31051,10454.68382,12024.09452,12187.3067,10837.56007
BTC,02/07/2019,10454.68382,10800.13014,10932.30749,11196.99575,9986.256849
BTC,03/07/2019,10800.13014,11942.24022,10454.71189,10933.815,9676.5904
BTC,04/07/2019,11942.24022,11645.52461,10778.91006,11967.65444,10691.66944
BTC,05/07/2019,11645.52461,10946.20905,11942.24132,12044.07955,11488.83066
BTC,06/07/2019,10946.20905,11219.046,11138.77103,11440.85573,10771.35484
BTC,07/07/2019,11219.046,11422.11447,10946.20856,11735.57094,10834.77587
BTC,08/07/2019,11422.11447,12335.99939,11219.04951,11593.11777,11101.91516
BTC,09/07/2019,12335.99939,12575.90407,11422.14116,12354.46303,11335.16395
BTC,10/07/2019,12575.90407,12054.18379,12335.99155,12815.67904,12127.71218
BTC,11/07/2019,12054.18379,11324.1447,12585.24197,13175.68774,11566.89839
BTC,12/07/2019,11324.1447,11802.95996,12054.18281,12188.17784,11011.04112
BTC,13/07/2019,11802.95996,11279.60274,11324.20183,11919.92206,11100.08851
BTC,14/07/2019,11279.60274,10506.39583,11796.77215,11830.80837,10826.03516
BTC,15/07/2019,10506.39583,10934.48274,11402.96731,11463.24252,10316.74949
BTC,16/07/2019,10934.48274,9490.410516,10506.34821,10954.82405,9872.027243
BTC,17/07/2019,9490.410516,9733.132134,10934.47264,11075.35282,9404.352196
BTC,18/07/2019,9733.132134,10603.34887,9490.438127,9972.24511,9085.489499
BTC,19/07/2019,10603.34887,10466.26094,9693.486511,10740.9887,9282.643
BTC,20/07/2019,10466.26094,10983.216,10603.34315,10797.63846,10133.09431
BTC,21/07/2019,10983.216,10551.13163,10533.96325,11035.42593,10368.80107
BTC,22/07/2019,10551.13163,10285.63923,11004.39657,11096.77442,10314.26618
BTC,23/07/2019,10285.63923,10027.53261,10551.12785,10685.24817,10071.52249
BTC,24/07/2019,10027.53261,9771.504761,10285.63482,10338.63884,9882.631832
BTC,25/07/2019,9771.504761,9897.429352,9867.265028,9916.47758,9510.623987
BTC,26/07/2019,9897.429352,9812.226351,9771.504819,10184.44037,9738.089085
BTC,27/07/2019,9812.226351,9440.140037,9897.413446,9924.602563,9643.881829
BTC,28/07/2019,9440.140037,9495.855261,9812.206638,10193.53397,9306.103532
BTC,29/07/2019,9495.855261,9506.704273,9459.674242,9603.319275,9134.399352
BTC,30/07/2019,9506.704273,9572.735372,9528.693443,9717.514278,9373.369428
BTC,31/07/2019,9572.735372,10005.29447,9506.698028,9719.981661,9387.22372
BTC,01/08/2019,10005.29447,10385.20061,9572.738464,10132.40473,9572.738439
BTC,02/08/2019,10385.20061,10513.91147,10005.28929,10474.78174,9884.737728
BTC,03/08/2019,10513.91147,10831.25986,10385.21297,10663.61879,10329.19692
BTC,04/08/2019,10831.25986,10985.80754,10513.91475,10909.25592,10498.94443
BTC,05/08/2019,10985.80754,11811.78705,10831.2503,11051.98579,10573.7773
BTC,06/08/2019,11811.78705,11310.18722,10985.83088,11940.48387,10939.56908
BTC,07/08/2019,11310.18722,11956.04722,11811.80356,12314.10766,11219.40378
BTC,08/08/2019,11956.04722,11817.45548,11310.22164,12129.40974,11283.67611
BTC,09/08/2019,11817.45548,11827.57457,11956.02281,12032.04653,11502.52799
BTC,10/08/2019,11827.57457,11278.28125,11972.59295,12027.25991,11654.66325
BTC,11/08/2019,11278.28125,11485.36578,11827.57457,11967.87796,11227.62221
BTC,12/08/2019,11485.36578,11391.96865,11279.87554,11545.10453,11101.01485
BTC,13/08/2019,11391.96865,10869.37911,11485.36408,11583.8907,11227.44066
BTC,14/08/2019,10869.37911,10211.49858,11391.96383,11434.88853,10746.75595
BTC,15/08/2019,10211.49858,10386.53955,10851.20047,10860.82397,10047.99513
BTC,16/08/2019,10386.53955,10388.45059,10211.50951,10444.07996,9682.711422
BTC,17/08/2019,10388.45059,10212.10144,10307.25976,10530.36531,9726.97815
BTC,18/08/2019,10212.10144,10335.37284,10388.45804,10463.91871,9994.108246
BTC,19/08/2019,10335.37284,10774.81031,10211.67093,10462.74951,10082.26549
BTC,20/08/2019,10774.81031,10818.50701,10335.37448,10812.79708,10264.45646
BTC,21/08/2019,10818.50701,10064.91679,10774.82421,10943.87041,10531.48856
BTC,22/08/2019,10064.91679,10161.16475,10818.52263,10818.58913,9864.136684
BTC,23/08/2019,10161.16475,10364.28135,10064.93106,10229.01701,9762.052413
BTC,24/08/2019,10364.28135,10171.49746,10103.4429,10450.29234,10034.08645
BTC,25/08/2019,10171.49746,10068.92242,10392.61634,10408.96385,9901.486012
BTC,26/08/2019,10068.92242,10312.21504,10171.49019,10292.84102,9911.50882
BTC,27/08/2019,10312.21504,10122.19653,10138.57086,10624.60517,10136.07172
BTC,28/08/2019,10122.19653,9743.162051,10312.19686,10402.29749,10042.87929
BTC,29/08/2019,9743.162051,9487.976434,10169.14274,10279.25422,9600.835039
BTC,30/08/2019,9487.976434,9590.736337,9743.15873,9747.119828,9325.394154
BTC,31/08/2019,9590.736337,9624.983911,9487.960049,9682.725536,9343.706051
BTC,01/09/2019,9624.983911,9780.667897,9580.761352,9699.864379,9406.444484
BTC,02/09/2019,9780.667897,10381.85596,9624.979967,9819.158622,9552.150794
BTC,03/09/2019,10381.85596,10691.3113,9781.864338,10440.22046,9738.247573
BTC,04/09/2019,10691.3113,10555.0469,10366.37382,10752.42149,10290.49442
BTC,05/09/2019,10555.0469,10576.31789,10691.31852,10810.01817,10185.25791
BTC,06/09/2019,10576.31789,10334.02389,10555.0624,10643.94607,10463.81329
BTC,07/09/2019,10334.02389,10495.22736,10576.32519,10928.34381,10201.60832
BTC,08/09/2019,10495.22736,10402.79653,10333.99906,10563.71089,10288.75316
BTC,09/09/2019,10402.79653,10332.94219,10485.40972,10595.19556,10244.58258
BTC,10/09/2019,10332.94219,10082.94683,10402.76795,10524.38695,10097.98038
BTC,11/09/2019,10082.94683,10152.75298,10332.93727,10380.30659,9956.122723
BTC,12/09/2019,10152.75298,10396.7672,10107.49504,10269.03039,9891.803301
BTC,13/09/2019,10396.7672,10299.47696,10152.76062,10459.92661,10055.26449
BTC,14/09/2019,10299.47696,10351.23202,10396.76226,10447.38863,10167.99105
BTC,15/09/2019,10351.23202,10302.19071,10299.49457,10425.91182,10229.45418
BTC,16/09/2019,10302.19071,10301.65965,10361.08564,10381.56459,10267.86546
BTC,17/09/2019,10301.65965,10231.42151,10306.1484,10373.06351,10093.14028
BTC,18/09/2019,10231.42151,10168.28771,10301.66126,10304.62364,10145.34576
BTC,19/09/2019,10168.28771,10223.50558,10231.41302,10263.82338,10094.32501
BTC,20/09/2019,10223.50558,10138.33521,10166.77877,10286.01075,9687.29416
BTC,21/09/2019,10138.33521,9984.520516,10223.50709,10289.21566,10065.62894
BTC,22/09/2019,9984.520516,10031.86671,10138.35756,10179.74247,9908.572815
BTC,23/09/2019,10031.86671,9719.718696,9984.518857,10083.09813,9850.753085
BTC,24/09/2019,9719.718696,8688.973526,10031.86687,10062.91987,9630.695768
BTC,25/09/2019,8688.973526,8438.708552,9719.704257,9770.161484,7944.334498
BTC,26/09/2019,8438.708552,8103.2109,8528.464788,8741.509561,8230.466526
BTC,27/09/2019,8103.2109,8195.210697,8438.716459,8462.412486,7757.276118
BTC,28/09/2019,8195.210697,8146.414032,8103.901572,8286.743263,7869.55317
BTC,29/09/2019,8146.414032,8085.71329,8183.316058,8321.160587,7723.691419
BTC,30/09/2019,8085.71329,8241.34147,8146.422964,8228.641494,7905.017736
BTC,01/10/2019,8241.34147,8333.68919,8055.694139,8331.291686,7728.678427
BTC,02/10/2019,8333.68919,8273.464018,8298.624775,8508.705409,8195.045244
BTC,03/10/2019,8273.464018,8203.843833,8333.710296,8388.015862,8177.694601
BTC,04/10/2019,8203.843833,8163.902638,8273.457419,8412.650047,8060.325317
BTC,05/10/2019,8163.902638,8137.146689,8231.786249,8240.948769,8014.419323
BTC,06/10/2019,8137.146689,7853.693305,8163.901441,8196.249514,8025.500462
BTC,07/10/2019,7853.693305,8236.208379,8138.833489,8171.568254,7802.464851
BTC,08/10/2019,8236.208379,8201.637818,7850.684576,8304.140139,7777.631571
BTC,09/10/2019,8201.637818,8572.380812,8236.205875,8316.990673,8113.111805
BTC,10/10/2019,8572.380812,8582.144518,8173.838803,8691.072691,8117.91224
BTC,11/10/2019,8582.144518,8320.171581,8572.382301,8654.382776,8435.18651
BTC,12/10/2019,8320.171581,8328.60426,8582.148123,8796.457282,8288.227631
BTC,13/10/2019,8328.60426,8282.177326,8320.168154,8406.142415,8225.301457
BTC,14/10/2019,8282.177326,8337.818999,8309.172913,8468.97364,8167.264904
BTC,15/10/2019,8337.818999,8162.44,8282.181596,8385.55341,8214.318868
BTC,16/10/2019,8162.44,8003.820395,8355,8420,8096.62
BTC,17/10/2019,8003.820395,8058.058081,8166.344773,8184.386436,7918.275881
BTC,18/10/2019,8058.058081,7970.239476,8003.819261,8120.121106,7937.852166
BTC,19/10/2019,7970.239476,7943.347107,8058.058875,8121.045885,7820.066343
BTC,20/10/2019,7943.347107,8200.318763,7956.890802,8095.903392,7882.646968
BTC,21/10/2019,8200.318763,8200.246099,7943.352412,8306.004901,7884.518625
BTC,22/10/2019,8200.246099,8073.409544,8233.799468,8346.556497,8152.237887
BTC,23/10/2019,8073.409544,7420.415836,8200.244382,8309.665328,8054.948065
BTC,24/10/2019,7420.415836,7460.617416,8027.293815,8054.994888,7307.391946
BTC,25/10/2019,7460.617416,8591.223897,7420.414034,7503.599764,7347.630865
BTC,26/10/2019,8591.223897,9171.306532,7421.571805,8762.680498,7393.261413
BTC,27/10/2019,9171.306532,9578.367556,8591.236577,10332.40951,8591.225768
BTC,28/10/2019,9578.367556,9458.22336,9259.521873,9813.443885,9103.737134
BTC,29/10/2019,9458.22336,9455.724693,9578.364387,9930.974021,9272.656652
BTC,30/10/2019,9455.724693,9225.995479,9228.074502,9551.778726,9125.778457
BTC,31/10/2019,9225.995479,9131.41063,9455.728198,9468.963245,9004.132304
BTC,01/11/2019,9131.41063,9197.632345,9225.997769,9425.44994,8954.89964
BTC,02/11/2019,9197.632345,9290.896602,9131.417153,9291.117644,9047.176594
BTC,03/11/2019,9290.896602,9202.415451,9230.478858,9377.084522,9197.833142
BTC,04/11/2019,9202.415451,9369.628081,9290.899794,9362.633137,9074.382879
BTC,05/11/2019,9369.628081,9326.599624,9203.826007,9526.165195,9125.861531
BTC,06/11/2019,9326.599624,9335.752402,9404.38087,9466.070961,9173.044686
BTC,07/11/2019,9335.752402,9226.485821,9326.592531,9439.215735,9254.732115
BTC,08/11/2019,9226.485821,8794.358645,9331.215796,9364.590814,9088.107628
BTC,09/11/2019,8794.358645,8798.042055,9205.618606,9247.614352,8666.389614
BTC,10/11/2019,8798.042055,9081.186878,8794.36261,8881.909087,8719.961753
BTC,11/11/2019,9081.186878,8711.534339,8798.036067,9123.338511,8742.737626
BTC,12/11/2019,8711.534339,8760.892718,9081.177733,9096.026278,8613.892395
BTC,13/11/2019,8760.892718,8749.520591,8711.536153,8856.381556,8564.937933
BTC,14/11/2019,8749.520591,8656.970922,8760.888546,8837.921252,8703.63545
BTC,15/11/2019,8656.970922,8500.643558,8758.546642,8785.054199,8562.374593
BTC,16/11/2019,8500.643558,8469.260899,8656.971858,8763.903472,8359.849192
BTC,17/11/2019,8469.260899,8537.339652,8500.643936,8539.132174,8423.543205
BTC,18/11/2019,8537.339652,8205.806366,8469.261015,8624.956305,8369.224963
BTC,19/11/2019,8205.806366,8118.488536,8500.644603,8500.646489,8035.885907
BTC,20/11/2019,8118.488536,8074.843174,8205.810043,8205.810043,7988.922628
BTC,21/11/2019,8074.843174,7612.740574,8119.484444,8215.619589,8029.097727
BTC,22/11/2019,7612.740574,7262.110535,8074.840561,8118.113996,7420.281322
BTC,23/11/2019,7262.110535,7303.405759,7618.579413,7717.802088,6804.143065
BTC,24/11/2019,7303.405759,7041.732936,7262.127934,7354.862635,7094.975791
BTC,25/11/2019,7041.732936,7211.861809,7303.414265,7338.698677,6920.631497
BTC,26/11/2019,7211.861809,7141.069449,6894.651354,7368.147389,6524.552859
BTC,27/11/2019,7141.069449,7523.480673,7211.870983,7336.30101,7012.057702
BTC,28/11/2019,7523.480673,7390.207469,7141.075509,7660.64037,6851.62293
BTC,29/11/2019,7390.207469,7729.265939,7523.472887,7647.518089,7379.309918
BTC,30/11/2019,7729.265939,7542.235609,7390.210656,7856.607906,7378.405543
BTC,01/12/2019,7542.235609,7381.963008,7748.335487,7805.029322,7439.098867
BTC,02/12/2019,7381.963008,7333.43293,7542.245344,7564.940079,7238.322233
BTC,03/12/2019,7333.43293,7315.367765,7381.962005,7440.615736,7162.492125
BTC,04/12/2019,7315.367765,7213.733762,7315.439203,7407.410775,7238.730592
BTC,05/12/2019,7213.733762,7398.78705,7315.369274,7767.908725,7089.141289
BTC,06/12/2019,7398.78705,7511.880583,7213.743416,7488.137772,7155.119946
BTC,07/12/2019,7511.880583,7532.123513,7392.910937,7583.387456,7304.070441
BTC,08/12/2019,7532.123513,7550.2392,7511.884605,7619.666018,7475.015594
BTC,09/12/2019,7550.2392,7333.096043,7532.123513,7573.156018,7387.154016
BTC,10/12/2019,7333.096043,7239.762575,7550.238815,7652.742606,7285.227768
BTC,11/12/2019,7239.762575,7198.066677,7333.095889,7394.504676,7161.527291
BTC,12/12/2019,7198.066677,7190.272369,7240.078227,7269.474391,7131.644054
BTC,13/12/2019,7190.272369,7238.874323,7203.956606,7282.336143,7081.880221
BTC,14/12/2019,7238.874323,7087.024985,7188.071895,7297.588894,7183.201754
BTC,15/12/2019,7087.024985,7112.731476,7238.993089,7271.571184,7007.426923
BTC,16/12/2019,7112.731476,6883.496394,7087.024958,7198.32384,7007.558814
BTC,17/12/2019,6883.496394,6584.028843,7112.504977,7139.580243,6828.479448
BTC,18/12/2019,6584.028843,7424.0154,6884.661554,6933.741179,6565.009645
BTC,19/12/2019,7424.0154,7147.568324,6584.030424,7424.06403,6427.959386
BTC,20/12/2019,7147.568324,7139.933371,7285.122044,7367.158856,7043.162249
BTC,21/12/2019,7139.933371,7286.335081,7147.569001,7177.392151,7076.11104
BTC,22/12/2019,7286.335081,7236.986205,7155.213175,7328.930813,7122.024233
BTC,23/12/2019,7236.986205,7166.172379,7286.33631,7356.640519,7083.734726
BTC,24/12/2019,7166.172379,7235.62665,7236.986086,7498.797304,7127.936255
BTC,25/12/2019,7235.62665,7212.809395,7166.173045,7292.006736,7045.122915
BTC,26/12/2019,7212.809395,7183.706536,7235.623582,7277.804111,7120.21395
BTC,27/12/2019,7183.706536,7227.293712,7212.808361,7427.47228,7105.723864
BTC,28/12/2019,7227.293712,7311.560644,7183.706083,7251.381246,7065.278308
BTC,29/12/2019,7311.560644,7385.464848,7227.294388,7348.789794,7217.079597
BTC,30/12/2019,7385.464848,7251.276794,7315.151548,7520.637034,7272.593791
BTC,31/12/2019,7251.276794,7179.957819,7379.157881,7396.603322,7202.130766
BTC,01/01/2020,7179.957819,7174.744012,7251.277888,7298.892042,7119.626946
BTC,02/01/2020,7174.744012,6955.48758,7179.957689,7237.014866,7152.992402
BTC,03/01/2020,6955.48758,7291.219505,7174.712357,7190.188749,6914.857474
BTC,04/01/2020,7291.219505,7337.63667,6955.48758,7390.041835,6852.093401
BTC,05/01/2020,7337.63667,7347.433264,7291.217504,7390.762935,7263.178696
BTC,06/01/2020,7347.433264,7713.860754,7337.421391,7487.333871,7316.76337
BTC,07/01/2020,7713.860754,8039.603701,7351.57889,7749.648613,7339.702523
BTC,08/01/2020,8039.603701,8067.606369,7714.908484,8192.158877,7708.885351
BTC,09/01/2020,8067.606369,7808.701364,8046.802943,8463.183418,7871.035499
BTC,10/01/2020,7808.701364,8087.452885,8046.111529,8046.283882,7755.401227
BTC,11/01/2020,8087.452885,8078.993532,7808.703733,8136.499126,7670.457792
BTC,12/01/2020,8078.993532,8149.313717,8195.475999,8278.66058,8008.905117
BTC,13/01/2020,8149.313717,8116.961008,8080.229614,8188.385802,7959.533522
BTC,14/01/2020,8116.961008,8735.142439,8150.807336,8191.187715,8035.31553
BTC,15/01/2020,8735.142439,8843.675732,8110.511235,8848.921995,8108.954039
BTC,16/01/2020,8843.675732,8711.637578,8735.148417,8897.643793,8558.744377
BTC,17/01/2020,8711.637578,8925.299028,8825.385428,8855.530135,8587.518351
BTC,18/01/2020,8925.299028,8939.8643,8711.637311,9009.5337,8665.011538
BTC,19/01/2020,8939.8643,8638.18144,8925.303486,8971.890632,8803.094435
BTC,20/01/2020,8638.18144,8652.683763,8939.879994,9181.972791,8455.129028
BTC,21/01/2020,8652.683763,8708.786013,8638.182713,8739.353819,8502.570319
BTC,22/01/2020,8708.786013,8635.074357,8652.682469,8783.7501,8486.340457
BTC,23/01/2020,8635.074357,8384.088777,8708.835222,8797.773614,8575.103286
BTC,24/01/2020,8384.088777,8451.232296,8635.074108,8665.272406,8277.809127
BTC,25/01/2020,8451.232296,8347.567505,8381.599774,8512.454207,8220.867389
BTC,26/01/2020,8347.567505,8562.30747,8451.232129,8458.283993,8256.043067
BTC,27/01/2020,8562.30747,8881.962391,8347.569951,8597.904143,8282.358307
BTC,28/01/2020,8881.962391,9131.114988,8562.307388,8982.03544,8554.125634
BTC,29/01/2020,9131.114988,9320.978406,8877.733617,9176.388648,8874.284819
BTC,30/01/2020,9320.978406,9545.077957,9131.114653,9432.677487,9104.824063
BTC,31/01/2020,9545.077957,9388.880752,9288.522646,9633.251035,9185.18134
BTC,01/02/2020,9388.880752,9363.193383,9548.545376,9558.432613,9198.659041
BTC,02/02/2020,9363.193383,9385.260386,9388.87907,9451.06458,9284.410559
BTC,03/02/2020,9385.260386,9269.707035,9375.226831,9465.487907,9150.534573
BTC,04/02/2020,9269.707035,9177.894637,9385.259769,9603.105582,9222.946494
BTC,05/02/2020,9177.894637,9625.456637,9286.207776,9349.247058,9072.588214
BTC,06/02/2020,9625.456637,9681.377411,9177.895794,9745.171377,9147.652281
BTC,07/02/2020,9681.377411,9795.344066,9600.403585,9856.447773,9527.151669
BTC,08/02/2020,9795.344066,9927.778256,9681.3777,9872.616069,9653.132962
BTC,09/02/2020,9927.778256,10132.7065,9795.343586,9939.671501,9660.309157
BTC,10/02/2020,10132.7065,9838.900016,9900.684635,10175.90701,9888.154765
BTC,11/02/2020,9838.900016,10236.63515,10132.70648,10197.19928,9752.195757
BTC,12/02/2020,10236.63515,10364.92629,9851.644254,10351.45593,9711.360915
BTC,13/02/2020,10364.92629,10218.09974,10236.79326,10489.77986,10218.52286
BTC,14/02/2020,10218.09974,10367.528,10364.23238,10516.91793,10097.76169
BTC,15/02/2020,10367.528,9926.353691,10234.4677,10598.03016,10108.15916
BTC,16/02/2020,9926.353691,9876.234963,10367.52748,10397.53648,9810.928072
BTC,17/02/2020,9876.234963,9636.624095,9926.353455,10052.35462,9642.465032
BTC,18/02/2020,9636.624095,10189.99598,9933.901933,9966.095384,9468.292698
BTC,19/02/2020,10189.99598,9701.037191,9636.624345,10272.79482,9615.263421
BTC,20/02/2020,9701.037191,9631.484946,10190.00776,10290.30426,9365.7803
BTC,21/02/2020,9631.484946,9670.858654,9608.93197,9704.692625,9410.921416
BTC,22/02/2020,9670.858654,9689.086743,9631.482559,9770.340692,9579.237409
BTC,23/02/2020,9689.086743,9919.551448,9696.533064,9724.336392,9575.054489
BTC,24/02/2020,9919.551448,9640.469505,9689.085992,10008.54047,9666.519497
BTC,25/02/2020,9640.469505,9392.869629,9921.048562,10008.37849,9480.185942
BTC,26/02/2020,9392.869629,8787.978363,9640.468562,9679.59509,9251.115834
BTC,27/02/2020,8787.978363,8784.995352,9392.868579,9393.864137,8626.935746
BTC,28/02/2020,8784.995352,8778.470511,8790.336853,8977.585565,8530.496379
BTC,29/02/2020,8778.470511,8639.591417,8818.102269,8904.126218,8459.695261
BTC,01/03/2020,8639.591417,8548.948322,8778.467316,8806.844965,8591.29254
BTC,02/03/2020,8548.948322,8923.044398,8639.592081,8747.725718,8412.723329
BTC,03/03/2020,8923.044398,8791.112058,8549.045999,8977.333203,8491.456295
BTC,04/03/2020,8791.112058,8756.961062,8916.73989,8919.263748,8652.809024
BTC,05/03/2020,8756.961062,9078.578777,8791.112073,8852.25666,8682.684594
BTC,06/03/2020,9078.578777,9126.636822,8756.962116,9172.138258,8745.992956
BTC,07/03/2020,9126.636822,8925.213488,9073.160134,9191.15034,9004.944712
BTC,08/03/2020,8925.213488,8166.313894,9126.888318,9204.672359,8858.647557
BTC,09/03/2020,8166.313894,7875.750875,8925.217518,8925.383039,8163.682472
BTC,10/03/2020,7875.750875,7959.228274,8166.313268,8256.125507,7625.189619
BTC,11/03/2020,7959.228274,7955.306284,7939.252823,8159.157919,7745.152079
BTC,12/03/2020,7955.306284,5800.208905,7959.233654,7984.602488,7591.897235
BTC,13/03/2020,5800.208905,5672.681201,7954.440008,7977.84368,5568.01669
BTC,14/03/2020,5672.681201,5304.149952,5803.794314,6013.252892,3867.091312
BTC,15/03/2020,5304.149952,5355.187374,5672.651113,5809.640296,5214.774302
BTC,16/03/2020,5355.187374,4944.702336,5304.149075,6115.834478,5076.862093
BTC,17/03/2020,4944.702336,5465.582594,5359.581995,5439.466703,4452.260545
BTC,18/03/2020,5465.582594,5363.822853,4944.692509,5558.129295,4921.203145
BTC,19/03/2020,5363.822853,6301.063404,5465.555261,5466.942335,5043.075092
BTC,20/03/2020,6301.063404,6185.279839,5363.81623,6428.780443,5274.927112
BTC,21/03/2020,6185.279839,6187.05375,6301.120291,6942.935268,5680.103282
BTC,22/03/2020,6187.05375,5884.340133,6176.205754,6470.354767,5883.754157
BTC,23/03/2020,5884.340133,6455.454688,6187.042146,6431.873162,5802.553402
BTC,24/03/2020,6455.454688,6784.318011,5829.352511,6620.858253,5694.198299
BTC,25/03/2020,6784.318011,6706.985089,6455.45065,6863.602196,6406.037439
BTC,26/03/2020,6706.985089,6721.495392,6784.325204,6981.720386,6488.111885
BTC,27/03/2020,6721.495392,6682.780049,6697.94832,6796.053701,6537.856462
BTC,28/03/2020,6682.780049,6229.488343,6718.084872,6865.541424,6597.307584
BTC,29/03/2020,6229.488343,5922.489835,6682.780622,6688.043277,6044.47511
BTC,30/03/2020,5922.489835,6483.739446,6229.49332,6284.272461,5879.777528
BTC,31/03/2020,6483.739446,6446.421347,5879.816836,6615.78648,5858.857935
BTC,01/04/2020,6446.421347,6537.336462,6483.617042,6533.064909,6344.633536
BTC,02/04/2020,6537.336462,6850.558712,6446.442667,6605.444456,6159.582451
BTC,03/04/2020,6850.558712,6776.370094,6537.68699,7212.725146,6519.934899
BTC,04/04/2020,6776.370094,6855.933264,6796.925196,7049.706366,6612.677956
BTC,05/04/2020,6855.933264,6805.362287,6772.007301,7003.126134,6664.610805
BTC,06/04/2020,6805.362287,7278.24397,6873.720048,6908.855128,6684.715732
BTC,07/04/2020,7278.24397,7175.667477,6809.004568,7319.978093,6775.111014
BTC,08/04/2020,7175.667477,7367.293398,7277.704282,7464.732245,7081.639209
BTC,09/04/2020,7367.293398,7321.816614,7175.669418,7424.743721,7155.211053
BTC,10/04/2020,7321.816614,6866.398189,7366.900961,7399.469133,7125.775519
BTC,11/04/2020,6866.398189,6873.848495,7321.815746,7325.324778,6752.593664
BTC,12/04/2020,6873.848495,7043.438864,6872.137266,6949.788875,6777.889694
BTC,13/04/2020,7043.438864,6889.863772,6873.848555,7201.990355,6797.779063
BTC,14/04/2020,6889.863772,6887.554908,7043.438893,7050.771025,6600.771494
BTC,15/04/2020,6887.554908,6718.79995,6889.863978,6991.326397,6772.322132
BTC,16/04/2020,6718.79995,7166.582817,6887.548898,6942.90708,6701.021116
BTC,17/04/2020,7166.582817,7065.082389,6628.975283,7178.765894,6486.531308
BTC,18/04/2020,7065.082389,7277.140586,7162.527231,7200.317209,6996.149109
BTC,19/04/2020,7277.140586,7185.870303,7065.066086,7301.814371,7029.015961
BTC,20/04/2020,7185.870303,6856.146435,7277.140654,7292.862985,7066.947185
BTC,21/04/2020,6856.146435,6904.475773,7185.870831,7221.915907,6764.430699
BTC,22/04/2020,6904.475773,7118.388748,6856.146426,6954.005137,6782.239371
BTC,23/04/2020,7118.388748,7562.032832,6904.476221,7165.520004,6831.947906
BTC,24/04/2020,7562.032832,7497.861764,7118.388915,7725.671699,7037.554845
BTC,25/04/2020,7497.861764,7542.303401,7556.01926,7608.311143,7407.266922
BTC,26/04/2020,7542.303401,7624.853786,7497.859881,7702.01898,7445.685898
BTC,27/04/2020,7624.853786,7776.507543,7542.303101,7707.594271,7503.770143
BTC,28/04/2020,7776.507543,7761.758784,7624.854338,7798.276656,7621.487082
BTC,29/04/2020,7761.758784,8773.106488,7788.574229,7793.636018,7677.178774
BTC,30/04/2020,8773.106488,8767.672623,7761.758619,8973.079277,7725.542654
BTC,01/05/2020,8767.672623,8853.774484,8768.04718,9469.078423,8415.47474
BTC,02/05/2020,8853.774484,8963.057558,8767.672143,9073.81753,8593.380363
BTC,03/05/2020,8963.057558,8904.713817,8850.788756,9037.341927,8780.037925
BTC,04/05/2020,8904.713817,8887.505893,9002.396916,9223.385534,8747.433419
BTC,05/05/2020,8887.505893,8978.283587,8904.559394,8968.532234,8539.511107
BTC,06/05/2020,8978.283587,9371.684273,8887.507473,9112.866151,8784.09959
BTC,07/05/2020,9371.684273,9900.678867,9032.183227,9392.635447,8927.777068
BTC,08/05/2020,9900.678867,9917.248414,9371.67997,9958.733998,9065.921045
BTC,09/05/2020,9917.248414,9617.518195,9903.830754,10062.71591,9732.806548
BTC,10/05/2020,9617.518195,8786.655182,9917.253174,9957.110928,9546.040993
BTC,11/05/2020,8786.655182,8608.125245,9616.377064,9650.018603,8166.492188
BTC,12/05/2020,8608.125245,8815.231245,8733.637943,9176.18639,8206.331505
BTC,13/05/2020,8815.231245,9330.986485,8608.119937,8980.624505,8509.564215
BTC,14/05/2020,9330.986485,9757.296586,8823.780831,9416.590183,8802.91656
BTC,15/05/2020,9757.296586,9362.635557,9330.985268,9940.956082,9273.416587
BTC,16/05/2020,9362.635557,9418.918551,9795.282556,9848.185361,9155.515351
BTC,17/05/2020,9418.918551,9684.701959,9362.636646,9583.062439,9219.362205
BTC,18/05/2020,9684.701959,9723.68015,9418.913715,9879.71204,9327.763833
BTC,19/05/2020,9723.68015,9719.480854,9673.836632,9933.976225,9523.848992
BTC,20/05/2020,9719.480854,9540.886567,9723.316993,9899.775994,9473.742266
BTC,21/05/2020,9540.886567,9141.150637,9719.254489,9834.557819,9332.915196
BTC,22/05/2020,9141.150637,9192.845136,9540.208922,9571.081815,8806.742839
BTC,23/05/2020,9192.845136,9220.075887,9139.890401,9265.2516,8934.380728
BTC,24/05/2020,9220.075887,9048.715119,9192.845255,9311.849338,9093.834315
BTC,25/05/2020,9048.715119,8905.781605,9219.746036,9301.179312,8856.470863
BTC,26/05/2020,8905.781605,8835.727224,9048.692372,9051.69296,8645.212548
BTC,27/05/2020,8835.727224,9112.979176,8905.746922,9010.897443,8707.124072
BTC,28/05/2020,9112.979176,9507.524665,8835.727224,9224.744965,8820.549193
BTC,29/05/2020,9507.524665,9425.281869,9113.177836,9523.457474,9008.05845
BTC,30/05/2020,9425.281869,9688.32439,9507.563792,9621.613231,9335.814886
BTC,31/05/2020,9688.32439,9427.670084,9434.033792,9732.943979,9334.912832
BTC,01/06/2020,9427.670084,10268.58198,9688.539932,9698.140854,9394.275387
BTC,02/06/2020,10268.58198,9516.135443,9427.232535,10357.78917,9417.354212
BTC,03/06/2020,9516.135443,9667.060754,10268.23188,10292.7031,9298.92095
BTC,04/06/2020,9667.060754,9811.367095,9516.379828,9680.206444,9406.971187
BTC,05/06/2020,9811.367095,9659.661298,9667.085402,9875.662127,9472.251048
BTC,06/06/2020,9659.661298,9677.050995,9811.829378,9860.231447,9619.617459
BTC,07/06/2020,9677.050995,9737.458559,9659.053118,9736.271128,9542.773398
BTC,08/06/2020,9737.458559,9791.9279,9677.050684,9804.446487,9392.842926
BTC,09/06/2020,9791.9279,9786.14202,9737.457447,9803.573516,9652.310114
BTC,10/06/2020,9786.14202,9874.967048,9790.073884,9870.519387,9610.024354
BTC,11/06/2020,9874.967048,9260.832641,9787.914131,9979.715526,9711.85958
BTC,12/06/2020,9260.832641,9464.228097,9875.014214,9962.180331,9108.473046
BTC,13/06/2020,9464.228097,9458.659754,9261.481444,9558.770602,9238.389181
BTC,14/06/2020,9458.659754,9351.953728,9464.086079,9492.899884,9359.847047
BTC,15/06/2020,9351.953728,9441.768996,9458.659753,9481.697453,9250.032408
BTC,16/06/2020,9441.768996,9510.660637,9351.605477,9498.609999,8910.198265
BTC,17/06/2020,9510.660637,9457.627074,9442.016988,9595.222935,9380.74608
BTC,18/06/2020,9457.627074,9398.642094,9510.641266,9557.46842,9240.646056
BTC,19/06/2020,9398.642094,9279.760765,9457.464837,9480.374487,9276.427094
BTC,20/06/2020,9279.760765,9353.078196,9398.685603,9427.177661,9236.657272
BTC,21/06/2020,9353.078196,9289.104491,9278.469146,9391.025094,9178.382279
BTC,22/06/2020,9289.104491,9680.947128,9353.078187,9412.648505,9278.923226
BTC,23/06/2020,9680.947128,9609.680246,9288.60316,9775.102839,9272.796157
BTC,24/06/2020,9609.680246,9311.136318,9680.947129,9720.765241,9576.910848
BTC,25/06/2020,9311.136318,9252.633372,9609.680246,9678.98608,9206.958895
BTC,26/06/2020,9252.633372,9171.732086,9310.989646,9333.346057,9002.374468
BTC,27/06/2020,9171.732086,9022.153768,9252.684713,9292.245367,9046.231365
BTC,28/06/2020,9022.153768,9101.850057,9171.554012,9192.768265,8843.317702
BTC,29/06/2020,9101.850057,9188.061375,9022.012126,9190.117478,8949.755974
BTC,30/06/2020,9188.061375,9148.444859,9101.877703,9233.529361,9032.435483
BTC,01/07/2020,9148.444859,9236.31677,9188.037401,9201.648794,9067.19084
BTC,02/07/2020,9236.31677,9097.797366,9141.34826,9300.998983,9096.778646
BTC,03/07/2020,9097.797366,9094.324561,9240.169628,9267.123022,8957.632801
BTC,04/07/2020,9094.324561,9124.653534,9097.683628,9132.985825,9065.858012
BTC,05/07/2020,9124.653534,9055.464483,9067.937487,9190.818987,9051.870726
BTC,06/07/2020,9055.464483,9278.805637,9141.07507,9149.765584,8919.762981
BTC,07/07/2020,9278.805637,9244.415815,9078.614127,9356.327421,9063.727627
BTC,08/07/2020,9244.415815,9471.759973,9344.987626,9374.083533,9216.518048
BTC,09/07/2020,9471.759973,9236.143254,9262.805251,9472.080067,9239.543297
BTC,10/07/2020,9236.143254,9243.175259,9444.728112,9449.911243,9173.165154
BTC,11/07/2020,9243.175259,9229.859755,9239.473351,9260.349785,9133.962338
BTC,12/07/2020,9229.859755,9286.737042,9289.580029,9304.962551,9190.032623
BTC,13/07/2020,9286.737042,9238.993755,9243.766253,9349.001062,9170.73536
BTC,14/07/2020,9238.993755,9260.47098,9310.395069,9339.806986,9206.291978
BTC,15/07/2020,9260.47098,9211.026433,9241.763724,9279.093222,9125.214524
BTC,16/07/2020,9211.026433,9133.77783,9261.511425,9275.45244,9167.649721
BTC,17/07/2020,9133.77783,9160.410591,9192.623666,9219.426492,9048.084922
BTC,18/07/2020,9160.410591,9176.68639,9132.454747,9186.96179,9085.977619
BTC,19/07/2020,9176.68639,9190.271534,9159.369281,9212.520944,9130.022301
BTC,20/07/2020,9190.271534,9172.588333,9182.914419,9197.726524,9117.058699
BTC,21/07/2020,9172.588333,9395.064446,9213.358566,9223.07652,9152.280649
BTC,22/07/2020,9395.064446,9530.790885,9166.298231,9445.579319,9159.972579
BTC,23/07/2020,9530.790885,9617.377861,9399.730238,9551.996412,9313.812944
BTC,24/07/2020,9617.377861,9568.974726,9534.116269,9681.909452,9452.744476
BTC,25/07/2020,9568.974726,9708.94914,9617.389459,9646.957118,9479.577351
BTC,26/07/2020,9708.94914,9938.951223,9557.065314,9746.556096,9546.032528
BTC,27/07/2020,9938.951223,11187.77973,9714.685123,10135.88216,9670.416834
BTC,28/07/2020,11187.77973,10939.67014,9940.111573,11394.84875,9930.83996
BTC,29/07/2020,10939.67014,11284.45899,11040.79047,11254.55134,10580.1286
BTC,30/07/2020,11284.45899,11118.91841,10930.45278,11318.0871,10852.88097
BTC,31/07/2020,11118.91841,11373.31726,11118.88858,11180.43064,10847.20085
BTC,01/08/2020,11373.31726,11766.7483,11112.42116,11467.95059,10980.82391
BTC,02/08/2020,11766.7483,11139.09838,11352.71504,11880.77364,11241.97677
BTC,03/08/2020,11139.09838,11261.80633,11820.51291,12117.67708,10658.94608
BTC,04/08/2020,11261.80633,11228.02632,11071.26711,11480.28338,10956.56291
BTC,05/08/2020,11228.02632,11653.40759,11237.22451,11400.06419,11045.96842
BTC,06/08/2020,11653.40759,11796.81736,11196.28746,11791.10323,11107.1352
BTC,07/08/2020,11796.81736,11639.93541,11756.89486,11917.76504,11581.57513
BTC,08/08/2020,11639.93541,11744.91208,11780.04401,11917.85915,11347.41279
BTC,09/08/2020,11744.91208,11673.12324,11610.9087,11814.95666,11543.3477
BTC,10/08/2020,11673.12324,11832.22731,11770.45097,11802.66293,11536.75286
BTC,11/08/2020,11832.22731,11340.58234,11693.17945,12070.44182,11546.95776
BTC,12/08/2020,11340.58234,11549.54631,11903.3335,11941.6518,11137.81368
BTC,13/08/2020,11549.54631,11752.16866,11399.06848,11626.23784,11166.54478
BTC,14/08/2020,11752.16866,11783.28341,11571.10263,11795.43575,11287.64679
BTC,15/08/2020,11783.28341,11895.62695,11789.95953,11867.28291,11663.41146
BTC,16/08/2020,11895.62695,11896.94717,11782.78559,11987.65155,11714.58902
BTC,17/08/2020,11896.94717,12399.11188,11862.38742,11938.8761,11705.49261
BTC,18/08/2020,12399.11188,12071.73891,11916.58022,12476.69704,11778.30371
BTC,19/08/2020,12071.73891,11749.82951,12299.81621,12391.84071,11840.39237
BTC,20/08/2020,11749.82951,11833.89735,11959.02939,12029.75799,11589.5762
BTC,21/08/2020,11833.89735,11583.13894,11766.18313,11899.96341,11690.15508
BTC,22/08/2020,11583.13894,11674.62435,11866.28401,11890.03166,11525.26123
BTC,23/08/2020,11674.62435,11666.41012,11539.71729,11694.47049,11393.21033
BTC,24/08/2020,11666.41012,11744.0127,11677.05824,11726.23458,11539.08981
BTC,25/08/2020,11744.0127,11378.72603,11660.39682,11835.35928,11601.74066
BTC,26/08/2020,11378.72603,11458.8226,11759.3614,11771.3353,11133.16876
BTC,27/08/2020,11458.8226,11302.12096,11334.03573,11546.20239,11265.22814
BTC,28/08/2020,11302.12096,11482.22569,11467.29065,11594.64626,11157.08574
BTC,29/08/2020,11482.22569,11515.04443,11339.74802,11553.53918,11294.18591
BTC,30/08/2020,11515.04443,11657.00393,11540.72864,11586.30657,11435.40076
BTC,31/08/2020,11657.00393,11678.37326,11483.12875,11694.6708,11476.07202
BTC,01/09/2020,11678.37326,11964.20867,11712.97262,11799.52944,11579.88329
BTC,02/09/2020,11964.20867,11427.7026,11661.42734,12070.22741,11544.42003
BTC,03/09/2020,11427.7026,10712.92065,11923.19964,11954.16268,11217.45383
BTC,04/09/2020,10712.92065,10563.89694,11409.72633,11470.80702,10505.14681
BTC,05/09/2020,10563.89694,10042.85485,10177.72164,10644.24117,10118.71861
BTC,06/09/2020,10042.85485,10207.605,10470.02669,10574.30731,9894.2254
BTC,07/09/2020,10207.605,10381.77611,10174.86343,10355.65249,10014.27766
BTC,08/09/2020,10381.77611,10043.19644,10265.74299,10383.11924,9891.734243
BTC,09/09/2020,10043.19644,10268.46092,10381.67682,10444.17113,9868.937984
BTC,10/09/2020,10268.46092,10341.01598,10136.56084,10352.41519,9989.510556
BTC,11/09/2020,10341.01598,10380.5396,10230.63553,10483.56121,10224.03739
BTC,12/09/2020,10380.5396,10436.36541,10347.66121,10403.75568,10214.66973
BTC,13/09/2020,10436.36541,10313.06858,10400.85545,10484.8759,10286.42747
BTC,14/09/2020,10313.06858,10680.29756,10450.94952,10585.88066,10226.42392
BTC,15/09/2020,10680.29756,10829.50531,10337.71258,10759.1361,10281.58014
BTC,16/09/2020,10829.50531,11033.38353,10683.00291,10944.65131,10636.18826
BTC,17/09/2020,11033.38353,10937.11126,10792.31023,11103.79648,10683.79026
BTC,18/09/2020,10937.11126,10933.93116,10966.38648,11061.28463,10762.41738
BTC,19/09/2020,10933.93116,11048.87928,10947.23137,11035.0532,10830.85247
BTC,20/09/2020,11048.87928,10852.91014,10940.13447,11180.39531,10904.19962
BTC,21/09/2020,10852.91014,10526.20289,11085.429,11085.429,10773.33219
BTC,22/09/2020,10526.20289,10531.16456,10925.51079,10991.69454,10322.59482
BTC,23/09/2020,10531.16456,10260.03301,10423.27155,10579.30131,10371.91657
BTC,24/09/2020,10260.03301,10672.95681,10536.31722,10541.16888,10209.06313
BTC,25/09/2020,10672.95681,10729.06961,10241.16589,10712.49925,10200.88278
BTC,26/09/2020,10729.06961,10741.47647,10736.65234,10759.7111,10569.43458
BTC,27/09/2020,10741.47647,10752.34545,10692.46427,10777.57591,10657.52315
BTC,28/09/2020,10752.34545,10863.06572,10734.50124,10802.37407,10599.58841
BTC,29/09/2020,10863.06572,10764.28437,10776.30436,10948.06266,10776.30436
BTC,30/09/2020,10764.28437,10741.57955,10691.97856,10793.60349,10640.69415
BTC,01/10/2020,10741.57955,10626.60096,10843.38826,10849.73073,10672.79503
BTC,02/10/2020,10626.60096,10567.3302,10778.89849,10931.6335,10470.69372
BTC,03/10/2020,10567.3302,10555.02868,10624.91072,10670.71056,10386.91138
BTC,04/10/2020,10555.02868,10660.61118,10578.91957,10609.23748,10512.33934
BTC,05/10/2020,10660.61118,10756.40458,10559.31466,10702.51138,10535.82272
BTC,06/10/2020,10756.40458,10589.62639,10672.16544,10770.46301,10630.95649
BTC,07/10/2020,10589.62639,10645.75479,10793.15206,10798.98132,10543.48911
BTC,08/10/2020,10645.75479,10897.59543,10600.66078,10680.64123,10554.84167
BTC,09/10/2020,10897.59543,11052.39508,10669.07004,10949.34337,10544.3758
BTC,10/10/2020,11052.39508,11360.85272,10929.59262,11106.33446,10843.4743
BTC,11/10/2020,11360.85272,11334.02674,11059.81357,11484.16448,11058.74049
BTC,12/10/2020,11334.02674,11666.2117,11293.20701,11436.21148,11282.50356
BTC,13/10/2020,11666.2117,11443.73279,11372.10996,11723.64386,11210.86134
BTC,14/10/2020,11443.73279,11395.54737,11534.60957,11564.64006,11333.53492
BTC,15/10/2020,11395.54737,11504.54901,11431.09404,11540.06492,11302.77704
BTC,16/10/2020,11504.54901,11355.16044,11433.45754,11610.2504,11291.89809
BTC,17/10/2020,11355.16044,11358.70638,11511.9022,11544.48601,11227.07106
BTC,18/10/2020,11358.70638,11471.00255,11329.99473,11410.16368,11282.94789
BTC,19/10/2020,11471.00255,11776.593,11368.41235,11486.98541,11356.17416
BTC,20/10/2020,11776.593,11936.36291,11514.6451,11825.64774,11419.08229
BTC,21/10/2020,11936.36291,13102.93446,11754.18203,11993.92588,11693.78394
BTC,22/10/2020,13102.93446,13140.66928,11920.41139,13109.16597,11900.21384
BTC,23/10/2020,13140.66928,12933.82357,12801.68807,13192.25287,12697.45705
BTC,24/10/2020,12933.82357,13081.67256,12980.8801,13029.96389,12731.05779
BTC,25/10/2020,13081.67256,13008.45326,12929.8494,13168.33883,12877.93801
BTC,26/10/2020,13008.45326,13033.52427,13115.83352,13342.75028,12906.70059
BTC,27/10/2020,13033.52427,13721.28222,13038.91554,13243.9959,12811.54603
BTC,28/10/2020,13721.28222,13282.26035,13069.23614,13756.3317,13062.40879
BTC,29/10/2020,13282.26035,13467.73178,13647.57292,13847.53352,12894.89932
BTC,30/10/2020,13467.73178,13573.7105,13280.36559,13640.13894,12994.98437
BTC,31/10/2020,13573.7105,13891.21683,13461.38352,13667.74723,13134.48008
BTC,01/11/2020,13891.21683,13730.19731,13574.92722,14093.05295,13438.93538
BTC,02/11/2020,13730.19731,13633.69822,13810.64198,13907.31295,13641.54034
BTC,03/11/2020,13633.69822,13832.93841,13768.95676,13837.85118,13270.20734
BTC,04/11/2020,13832.93841,14163.97682,13565.13068,13842.47454,13301.61195
BTC,05/11/2020,14163.97682,15424.52768,14014.73488,14257.52971,13582.4022
BTC,06/11/2020,15424.52768,15540.59659,14156.60864,15494.57817,14104.90209
BTC,07/11/2020,15540.59659,14783.98168,15607.5055,15971.64142,15202.76451
BTC,08/11/2020,14783.98168,15500.33425,15603.25854,15764.1047,14330.68183
BTC,09/11/2020,15500.33425,15283.78014,14820.43647,15657.12904,14711.54819
BTC,10/11/2020,15283.78014,15374.04439,15481.90608,15810.77379,14845.79176
BTC,11/11/2020,15374.04439,15820.49524,15327.58839,15448.41275,15092.3898
BTC,12/11/2020,15820.49524,16253.31027,15316.74901,15973.07608,15294.29332
BTC,13/11/2020,16253.31027,16347.04492,15701.8651,16348.4628,15474.76108
BTC,14/11/2020,16347.04492,15991.83302,16302.8428,16487.48815,15971.1428
BTC,15/11/2020,15991.83302,15918.08013,16329.79889,16333.51314,15718.88879
BTC,16/11/2020,15918.08013,16752.00299,16078.97001,16167.39692,15792.77908
BTC,17/11/2020,16752.00299,17593.48641,15969.51601,16885.58019,15881.70385
BTC,18/11/2020,17593.48641,17834.63653,16718.59966,17831.23118,16560.99963
BTC,19/11/2020,17834.63653,17954.85801,17672.65284,18358.97625,17283.49485
BTC,20/11/2020,17954.85801,18612.87067,17786.21258,18170.83027,17381.23626
BTC,21/11/2020,18612.87067,18591.8566,17823.3433,18813.40769,17762.92882
BTC,22/11/2020,18591.8566,18629.99554,18666.58022,18964.64351,18368.28996
BTC,23/11/2020,18629.99554,18469.20047,18683.8472,18732.99132,17806.2676
BTC,24/11/2020,18469.20047,19045.73647,18405.5557,18752.16004,17990.11089
BTC,25/11/2020,19045.73647,18746.93481,18370.21961,19392.90868,18059.26543
BTC,26/11/2020,18746.93481,17187.40628,19136.08297,19391.46366,18640.64218
BTC,27/11/2020,17187.40628,17023.9614,18719.20716,18908.63553,16242.70294
BTC,28/11/2020,17023.9614,17814.78028,17180.71873,17482.2001,16489.30267
BTC,29/11/2020,17814.78028,18114.41435,17159.1095,17901.38262,16906.1761
BTC,30/11/2020,18114.41435,19382.36059,17742.82304,18356.31323,17545.19622
BTC,01/12/2020,19382.36059,18980.97745,18201.27725,19850.11449,18201.27725
BTC,02/12/2020,18980.97745,19184.89785,19677.98984,19920.53426,18171.75051
BTC,03/12/2020,19184.89785,19464.5317,18796.74864,19357.16459,18360.23172
BTC,04/12/2020,19464.5317,18813.12476,19220.59015,19607.85534,18899.48869
BTC,05/12/2020,18813.12476,19045.02027,19441.5588,19539.86235,18717.12493
BTC,06/12/2020,19045.02027,19113.9334,18668.15855,19200.79191,18518.85142
BTC,07/12/2020,19113.9334,19107.5998,19162.26446,19347.62491,18927.29956
BTC,08/12/2020,19107.5998,18682.45783,19373.44523,19433.09749,18931.5713
BTC,09/12/2020,18682.45783,18543.00705,19177.92617,19299.04708,18630.74248
BTC,10/12/2020,18543.00705,18359.4766,18320.23313,18618.96013,17640.56207
BTC,11/12/2020,18359.4766,18137.31937,18557.45291,18565.21617,17904.06899
BTC,12/12/2020,18137.31937,18882.26017,18255.77375,18293.55273,17593.1721
BTC,13/12/2020,18882.26017,19060.2769,18040.17062,18956.34444,18029.14317
BTC,14/12/2020,19060.2769,19251.224,18822.50994,19408.67465,18726.84709
BTC,15/12/2020,19251.224,19443.47635,19161.13847,19323.16531,19015.68597
BTC,16/12/2020,19443.47635,21310.65626,19264.6703,19552.37198,19053.34247
BTC,17/12/2020,21310.65626,22895.97624,19433.14137,21447.52385,19293.29896
BTC,18/12/2020,22895.97624,23008.77626,21351.25481,23770.84657,21248.36533
BTC,19/12/2020,23008.77626,23890.82265,22819.5589,23261.25288,22357.60765
BTC,20/12/2020,23890.82265,23537.36989,23126.60677,24122.67327,22781.87678
BTC,21/12/2020,23537.36989,23177.271,23829.2848,24273.0415,23085.95477
BTC,22/12/2020,23177.271,23433.98076,23476.0875,24081.05309,21960.19135
BTC,23/12/2020,23433.98076,23224.45414,22729.65929,23629.40446,22384.12785
BTC,24/12/2020,23224.45414,23623.88553,23791.56529,24086.95066,22644.56106
BTC,25/12/2020,23623.88553,24581.00617,23228.90909,23737.75715,22716.17417
BTC,26/12/2020,24581.00617,26381.29623,23726.191,24627.29791,23422.31033
BTC,27/12/2020,26381.29623,26389.29026,24708.20678,26750.87995,24497.41087
BTC,28/12/2020,26389.29026,26718.02946,26447.70807,28352.62782,25759.06861
BTC,29/12/2020,26718.02946,26975.72956,26226.06613,27447.55138,26046.62558
BTC,30/12/2020,26975.72956,28768.83621,27038.73568,27169.22556,25875.04979
BTC,31/12/2020,28768.83621,29111.52157,27349.32723,28928.21439,27349.2832
BTC,01/01/2021,29111.52157,29333.60512,28872.82977,29280.04533,27916.62506
BTC,02/01/2021,29333.60512,32154.16736,28935.81098,29601.5949,28753.41231
BTC,03/01/2021,32154.16736,33002.53643,29353.64061,33064.67353,29012.92789
BTC,04/01/2021,33002.53643,31431.61228,32074.10661,34452.08034,31885.58162
BTC,05/01/2021,31431.61228,34433.60651,32788.58345,33358.39935,28154.1103
BTC,06/01/2021,34433.60651,36275.75635,31991.92686,34435.41748,29948.65363
BTC,07/01/2021,36275.75635,39713.50786,34001.34476,36461.69177,33351.02812
BTC,08/01/2021,39713.50786,40519.4486,36806.41976,40324.01403,36356.43076
BTC,09/01/2021,40519.4486,40258.92399,39420.8007,41962.36213,36741.33018
BTC,10/01/2021,40258.92399,38709.76537,40558.10212,41375.43068,38766.27616
BTC,11/01/2021,38709.76537,34409.64238,40096.3332,41186.52343,34897.55047
BTC,12/01/2021,34409.64238,34214.61026,38132.53579,38204.75441,30305.30005
BTC,13/01/2021,34214.61026,37017.0075,35432.85914,36566.90906,32538.94117
BTC,14/01/2021,37017.0075,38435.86351,34070.32562,37798.8601,32470.58526
BTC,15/01/2021,38435.86351,36751.58497,37373.16196,40066.31976,36770.79512
BTC,16/01/2021,36751.58497,36016.77961,39127.67852,39673.0723,34425.48794
BTC,17/01/2021,36016.77961,36375.81138,36752.77118,37943.51217,35398.86752
BTC,18/01/2021,36375.81138,36346.6095,36016.75309,36840.13285,33870.13838
BTC,19/01/2021,36346.6095,36577.51965,35847.83342,37440.40401,34816.28925
BTC,20/01/2021,36577.51965,35004.53263,36639.98591,37876.15893,36136.53557
BTC,21/01/2021,35004.53263,30606.18268,35909.43225,36409.7086,33430.82199
BTC,22/01/2021,30606.18268,33368.36593,35491.42392,35612.7372,30077.27896
BTC,23/01/2021,33368.36593,32070.09743,30844.83315,33873.77299,28845.31148
BTC,24/01/2021,32070.09743,32285.72613,33000.44664,33501.24845,31451.2963
BTC,25/01/2021,32285.72613,32500.25596,32107.39182,33088.54855,30987.70386
BTC,26/01/2021,32500.25596,32324.55565,32297.50417,34893.98402,31949.28237
BTC,27/01/2021,32324.55565,30534.99937,32270.82562,32770.80461,31062.54953
BTC,28/01/2021,30534.99937,33408.21834,32497.84846,32570.2815,29452.78559
BTC,29/01/2021,33408.21834,34842.55739,30426.0844,33481.48542,29921.96008
BTC,30/01/2021,34842.55739,34622.37323,33424.59559,38468.07829,31984.00892
BTC,31/01/2021,34622.37323,33087.36986,34265.37666,34920.29115,32945.36998
BTC,01/02/2021,33087.36986,33613.32076,34304.23451,34373.73401,32229.54518
BTC,02/02/2021,33613.32076,35632.90195,33138.77651,34715.65573,32341.98991
BTC,03/02/2021,35632.90195,37397.42636,33525.28825,36008.31082,33437.74691
BTC,04/02/2021,37397.42636,37256.25211,35519.70777,37505.30371,35416.73178
BTC,05/02/2021,37256.25211,37851.59659,37645.94564,38731.08795,36207.49431
BTC,06/02/2021,37851.59659,40302.79979,36970.81227,38332.41692,36637.64562
BTC,07/02/2021,40302.79979,38461.6814,38305.27539,40999.04684,38233.72667
BTC,08/02/2021,38461.6814,44716.68547,39253.22773,39698.0659,37388.34169
BTC,09/02/2021,44716.68547,46674.85169,38853.29945,44981.86,38036.28325
BTC,10/02/2021,46674.85169,45237.47569,46433.48964,48226.25089,45058.069
BTC,11/02/2021,45237.47569,47500.89752,46512.99056,47374.35591,43886.27604
BTC,12/02/2021,47500.89752,47884.18286,44859.84767,48600.63193,44070.72706
BTC,13/02/2021,47884.18286,47005.19065,47992.62291,48925.53448,46550.14795
BTC,14/02/2021,47005.19065,49151.16758,47405.55715,48189.77799,46333.57366
BTC,15/02/2021,49151.16758,48125.9922,47231.13334,49716.43638,47105.17175
BTC,16/02/2021,48125.9922,48840.41447,48654.83072,49037.91611,45926.25155
BTC,17/02/2021,48840.41447,52165.30256,47944.48497,50584.84895,47088.83608
BTC,18/02/2021,52165.30256,51728.5088,49186.33387,52621.83507,48990.89519
BTC,19/02/2021,51728.5088,55719.20436,52146.00339,52532.29712,50971.74318
BTC,20/02/2021,55719.20436,54801.64864,51598.14371,56283.54984,50821.47282
BTC,21/02/2021,54801.64864,57128.64261,55917.03918,57487.02831,54039.67392
BTC,22/02/2021,57128.64261,54181.91465,55913.35145,58332.36462,55531.5507
BTC,23/02/2021,54181.91465,48172.87748,57453.35801,57535.86348,47780.74958
BTC,24/02/2021,48172.87748,48745.43298,54124.53909,54180.23218,45047.78286
BTC,25/02/2021,48745.43298,48291.41208,48923.03508,51413.61356,47032.52426
BTC,26/02/2021,48291.41208,45752.11492,49746.65163,52076.31772,47501.6748
BTC,27/02/2021,45752.11492,46642.60608,47135.55173,48453.73863,44279.44954
BTC,28/02/2021,46642.60608,45092.80657,46326.82407,48353.001,46207.70578
BTC,01/03/2021,45092.80657,49248.91401,46204.05856,46675.19785,43119.15702
BTC,02/03/2021,49248.91401,47900.77688,45234.36876,49520.72499,45044.38376
BTC,03/03/2021,47900.77688,50811.85517,49636.02146,50211.43717,47200.04217
BTC,04/03/2021,50811.85517,48259.48708,48526.99036,52636.22299,48195.1231
BTC,05/03/2021,48259.48708,49149.73083,50433.43615,51781.96783,47578.30723
BTC,06/03/2021,49149.73083,48879.1519,48404.21363,49462.13301,46393.39146
BTC,07/03/2021,48879.1519,50594.69857,48791.79051,49173.76187,47127.04097
BTC,08/03/2021,50594.69857,51503.25813,48887.56641,51222.8723,48887.56641
BTC,09/03/2021,51503.25813,54458.03781,50948.88071,51916.41395,49390.18272
BTC,10/03/2021,54458.03781,56915.17394,52360.74816,54804.07845,51865.59003
BTC,11/03/2021,56915.17394,57636.75796,54924.68653,57336.74541,53101.23637
BTC,12/03/2021,57636.75796,57306.16626,55898.86482,58034.70396,54323.6085
BTC,13/03/2021,57306.16626,60743.04182,57817.27021,58077.9516,55116.25835
BTC,14/03/2021,60743.04182,60197.90199,57227.23345,61556.59449,56124.14999
BTC,15/03/2021,60197.90199,56300.33411,60972.49128,61453.05834,59275.70383
BTC,16/03/2021,56300.33411,56639.78395,58962.48846,60570.69365,54790.32931
BTC,17/03/2021,56639.78395,58567.28378,55668.62353,56821.88244,53350.36773
BTC,18/03/2021,58567.28378,57983.09474,56908.56502,58923.54893,54201.70163
BTC,19/03/2021,57983.09474,58451.73147,58883.01836,60074.36985,57075.06857
BTC,20/03/2021,58451.73147,58593.60245,57661.41518,59461.77526,56327.79283
BTC,21/03/2021,58593.60245,57796.46737,58127.68804,59919.21177,57914.89451
BTC,22/03/2021,57796.46737,54329.35863,58139.30027,58649.13419,55645.05427
BTC,23/03/2021,54329.35863,54794.29771,57389.21162,58407.61921,53795.15409
BTC,24/03/2021,54794.29771,52787.74553,54143.10604,55858.36925,53031.32679
BTC,25/03/2021,52787.74553,52173.86798,54375.80763,57225.29881,51777.97109
BTC,26/03/2021,52173.86798,54483.04573,52335.56503,53209.40638,50458.09997
BTC,27/03/2021,54483.04573,56234.35611,51344.04898,54806.88151,51286.29118
BTC,28/03/2021,56234.35611,55343.92582,55067.8244,56520.30729,54022.07694
BTC,29/03/2021,55343.92582,57627.67925,55843.74892,56541.00653,54741.62637
BTC,30/03/2021,57627.67925,58734.47543,55786.54607,58353.52939,54929.68059
BTC,31/03/2021,58734.47543,58724.66452,57613.16126,59379.99216,57069.22927
BTC,01/04/2021,58724.66452,58984.61293,58810.15589,59835.39233,56934.31212
BTC,02/04/2021,58984.61293,58821.62699,58764.43309,59458.98456,57973.3521
BTC,03/04/2021,58821.62699,57517.79877,58726.08457,60101.75233,58478.59835
BTC,04/04/2021,57517.79877,58177.40276,58958.42898,59713.21014,57185.76801
BTC,05/04/2021,58177.40276,58843.55954,57134.86005,58540.98471,56552.22227
BTC,06/04/2021,58843.55954,58040.1876,58230.67554,59243.03618,56846.96905
BTC,07/04/2021,58040.1876,56508.94286,59133.65574,59484.19947,57421.85309
BTC,08/04/2021,56508.94286,57880.90568,58030.62185,58645.77297,55541.90613
BTC,09/04/2021,57880.90568,58171.90902,55996.08036,58179.65686,55758.49118
BTC,10/04/2021,58171.90902,59295.95004,58094.74413,58880.82161,57717.85978
BTC,11/04/2021,59295.95004,59822.90168,58149.65059,61065.22262,57924.07526
BTC,12/04/2021,59822.90168,59853.19724,59765.10382,60588.47197,59229.86011
BTC,13/04/2021,59853.19724,63223.88439,59998.15991,61219.71861,59428.21475
BTC,14/04/2021,63223.88439,62926.55718,59841.56137,63707.34236,59799.44058
BTC,15/04/2021,62926.55718,63346.78904,63562.67354,64801.78787,61400.28397
BTC,16/04/2021,63346.78904,61965.7826,62987.27018,63850.25073,62094.63291
BTC,17/04/2021,61965.7826,60574.44473,63225.09392,63520.32537,60033.53467
BTC,18/04/2021,60574.44473,56850.83017,61444.2325,62534.0285,59802.88927
BTC,19/04/2021,56850.83017,56224.10159,60191.52541,60531.98885,52148.98354
BTC,20/04/2021,56224.10159,56608.76975,56335.38914,57609.36812,54449.24533
BTC,21/04/2021,56608.76975,54144.42748,55723.22726,57121.9439,53442.85166
BTC,22/04/2021,54144.42748,51965.05956,56508.15124,56809.14639,53913.85052
BTC,23/04/2021,51965.05956,50669.14438,53830.82386,55471.07637,50500.73186
BTC,24/04/2021,50669.14438,50733.7695,51714.07397,52111.18507,47467.91203
BTC,25/04/2021,50733.7695,48542.9522,51217.17233,51253.44295,48932.15881
BTC,26/04/2021,48542.9522,53558.70784,50177.2374,50668.65902,47105.59307
BTC,27/04/2021,53558.70784,55123.86198,49139.23095,54398.59279,48854.58137
BTC,28/04/2021,55123.86198,54591.51533,54059.47407,55398.07415,53351.1154
BTC,29/04/2021,54591.51533,53260.29534,55086.93871,56458.63581,53915.35483
BTC,30/04/2021,53260.29534,57302.64642,54893.87167,55224.90796,52403.74361